floor,x,y,d8:b1:90:b2:b8:9e(UoA-WiFi),d8:b1:90:b2:b8:dc(eduroam),d8:b1:90:b2:b8:de(UoA-WiFi),d8:b1:90:b2:b8:d9(UoA-Guest-WiFi),d8:b1:90:b0:44:1c(eduroam),d8:b1:90:b0:44:1e(UoA-WiFi),d8:b1:90:b0:44:19(UoA-Guest-WiFi),d8:b1:90:a6:4d:7c(eduroam),d8:b1:90:a6:4d:7e(UoA-WiFi),d8:b1:90:a6:4d:79(UoA-Guest-WiFi),d8:b1:90:a6:53:9c(eduroam),d8:b1:90:a6:53:9e(UoA-WiFi),70:e4:22:d5:68:6c(eduroam),d8:b1:90:b2:b8:9a(UoA-Guest-WiFi),d8:b1:90:b2:b8:9c(eduroam),d8:b1:90:c4:62:7a(UoA-Guest-WiFi),d8:b1:90:c4:62:7c(eduroam),d8:b1:90:c4:62:7e(UoA-WiFi),d8:b1:90:a6:53:0e(UoA-WiFi),d8:b1:90:a6:53:0c(eduroam),d8:b1:90:a6:53:09(UoA-Guest-WiFi),d8:b1:90:aa:38:59(UoA-Guest-WiFi),d8:b1:90:bb:9f:be(UoA-WiFi),d8:b1:90:aa:38:5c(eduroam),d8:b1:90:aa:38:5e(UoA-WiFi),d8:b1:90:9e:de:2e(UoA-WiFi),d8:b1:90:bb:9f:b9(UoA-Guest-WiFi),d8:b1:90:bb:a3:73(eduroam),d8:b1:90:bb:a3:71(UoA-WiFi),d8:b1:90:a2:b4:03(eduroam),d8:b1:90:a2:b4:01(UoA-WiFi),d8:b1:90:b0:44:13(eduroam),d8:b1:90:b0:44:11(UoA-WiFi),d8:b1:90:a6:53:03(eduroam),d8:b1:90:a6:53:01(UoA-WiFi),d8:b1:90:a6:53:06(UoA-Guest-WiFi),70:e4:22:d5:68:66(UoA-Guest-WiFi),d8:b1:90:a6:53:93(eduroam),a0:0f:37:49:0f:a6(UoA-Guest-WiFi),d8:b1:90:a6:4d:73(eduroam),d8:b1:90:a6:4d:71(UoA-WiFi),d8:b1:90:c4:62:75(UoA-Guest-WiFi),d8:b1:90:bb:9f:b1(UoA-WiFi),d8:b1:90:bb:9f:b6(UoA-Guest-WiFi),d8:b1:90:b2:b8:95(UoA-Guest-WiFi),d8:b1:90:b2:b8:93(eduroam),d8:b1:90:b2:b8:91(UoA-WiFi),d8:b1:90:c4:62:73(eduroam),d8:b1:90:c4:62:71(UoA-WiFi),d8:b1:90:a6:53:99(UoA-Guest-WiFi),70:e4:22:d5:68:6e(UoA-WiFi),70:e4:22:d5:68:69(UoA-Guest-WiFi),d8:b1:90:aa:35:53(eduroam),d8:b1:90:aa:35:51(UoA-WiFi),d8:b1:90:b0:10:e3(eduroam),a0:0f:37:49:0f:a9(UoA-Guest-WiFi),a0:0f:37:49:0f:ac(eduroam),a0:0f:37:49:0f:ae(UoA-WiFi),d8:b1:90:9e:de:2c(eduroam),d8:b1:90:bb:9f:bc(eduroam),d8:b1:90:bb:a3:76(UoA-Guest-WiFi),d8:b1:90:a6:53:91(UoA-WiFi),d8:b1:90:b0:10:e1(UoA-WiFi),d8:b1:90:b0:10:e6(UoA-Guest-WiFi),d8:b1:90:94:e5:0c(eduroam),d8:b1:90:94:e5:09(UoA-Guest-WiFi),e8:65:49:15:8e:63(eduroam),d8:b1:90:bb:9f:b3(eduroam),d8:b1:90:c9:15:59(UoA-Guest-WiFi),d8:b1:90:b2:c0:79(UoA-Guest-WiFi),d8:b1:90:a6:53:96(UoA-Guest-WiFi),d8:b1:90:aa:35:56(UoA-Guest-WiFi),d8:b1:90:94:e5:0e(UoA-WiFi),cc:db:93:22:74:ac(eduroam),d8:b1:90:b2:c0:7e(UoA-WiFi),00:81:c4:4e:f1:f1(UoA-WiFi),a0:0f:37:49:0f:a1(UoA-WiFi),d8:b1:90:b2:c0:7c(eduroam),d8:b1:90:b0:44:16(UoA-Guest-WiFi),d8:b1:90:b0:47:b6(UoA-Guest-WiFi),00:78:88:30:3d:e9(UoA-Guest-WiFi),84:b2:61:b0:2b:5c(eduroam),a0:ec:f9:04:d9:8c(eduroam),d8:b1:90:c4:63:2c(eduroam),00:78:88:30:3d:ee(UoA-WiFi),d8:b1:90:9e:de:29(UoA-Guest-WiFi),a0:0f:37:49:0f:a3(eduroam),d8:b1:90:a6:4d:76(UoA-Guest-WiFi),d8:b1:90:b0:47:b9(UoA-Guest-WiFi),d8:b1:90:c4:63:2e(UoA-WiFi),d8:b1:90:b0:47:b3(eduroam),d8:b1:90:b0:47:b1(UoA-WiFi),d8:b1:90:a2:b4:09(UoA-Guest-WiFi),d8:b1:90:bb:a3:7c(eduroam),d8:b1:90:bb:a3:79(UoA-Guest-WiFi),70:e4:22:d5:68:63(eduroam),70:e4:22:d5:68:61(UoA-WiFi),d8:b1:90:bb:a3:7e(UoA-WiFi),d8:b1:90:a2:b4:06(UoA-Guest-WiFi),d8:b1:90:a2:b4:0c(eduroam),d8:b1:90:a2:b4:0e(UoA-WiFi),d8:b1:90:b0:10:ec(eduroam),cc:db:93:22:74:ae(UoA-WiFi),a0:ec:f9:04:d9:83(eduroam),e8:65:49:2a:f9:cc(eduroam),d8:b1:90:c9:06:3c(eduroam),d8:b1:90:c9:06:3e(UoA-WiFi),d8:b1:90:c9:06:39(UoA-Guest-WiFi),00:81:c4:4e:f1:fc(eduroam),00:81:c4:4e:f1:f9(UoA-Guest-WiFi),84:b2:61:b0:2b:5e(UoA-WiFi),84:b2:61:b0:2b:59(UoA-Guest-WiFi),00:81:c4:4e:f1:f6(UoA-Guest-WiFi),00:81:c4:4e:f1:f3(eduroam),e8:65:49:15:8e:66(UoA-Guest-WiFi),d8:b1:90:a7:17:a6(UoA-Guest-WiFi),00:81:c4:4e:f1:fe(UoA-WiFi),a0:ec:f9:04:d9:8e(UoA-WiFi),a0:ec:f9:04:d9:89(UoA-Guest-WiFi),00:78:88:30:3d:e6(UoA-Guest-WiFi),84:b2:61:b0:29:46(UoA-Guest-WiFi),84:b2:61:b0:29:43(eduroam),00:78:88:30:3d:e3(eduroam),d8:b1:90:be:32:ac(eduroam),d8:b1:90:a2:8d:a9(UoA-Guest-WiFi),e8:65:49:15:8e:6c(eduroam),d8:b1:90:a2:8d:ac(eduroam),d8:b1:90:a2:8d:ae(UoA-WiFi),d8:b1:90:c9:15:5e(UoA-WiFi),e8:65:49:15:8e:6e(UoA-WiFi),e8:65:49:15:8e:69(UoA-Guest-WiFi),00:78:88:30:3d:ec(eduroam),48:91:d5:f6:89:49(UoA-Guest-WiFi),d8:b1:90:b1:ee:f9(UoA-Guest-WiFi),d8:b1:90:a2:8d:a6(UoA-Guest-WiFi),d8:b1:90:c4:63:23(eduroam),00:78:88:30:3d:e1(UoA-WiFi),d8:b1:90:a7:17:a3(eduroam),d8:b1:90:a7:17:a1(UoA-WiFi),d8:b1:90:b1:ee:fc(eduroam),d8:b1:90:a2:8d:a1(UoA-WiFi),d8:b1:90:a2:8d:a3(eduroam),d8:b1:90:94:e5:06(UoA-Guest-WiFi),d8:b1:90:94:e5:03(eduroam),d8:b1:90:94:e5:01(UoA-WiFi),d8:b1:90:be:32:ae(UoA-WiFi),d8:b1:90:be:32:a9(UoA-Guest-WiFi),84:b2:61:be:50:51(UoA-WiFi),d8:b1:90:b0:47:bc(eduroam),d8:b1:90:c4:58:3c(eduroam),d8:b1:90:c4:58:3e(UoA-WiFi),28:6f:7f:d0:e2:8c(eduroam),e8:65:49:15:8e:61(UoA-WiFi),54:a2:74:f2:d0:11(UoA-WiFi),d8:b1:90:c9:15:56(UoA-Guest-WiFi),84:b2:61:b0:29:4c(eduroam),28:6f:7f:d0:e2:89(UoA-Guest-WiFi),28:6f:7f:d0:e8:8e(UoA-WiFi),28:6f:7f:d0:e8:89(UoA-Guest-WiFi),d8:b1:90:c9:15:5c(eduroam),28:6f:7f:d0:e2:8e(UoA-WiFi),d8:b1:90:c9:06:33(eduroam),d8:b1:90:a7:1a:2e(UoA-WiFi),d8:b1:90:a7:1a:29(UoA-Guest-WiFi),00:78:88:2c:8d:a3(eduroam),d8:b1:90:c9:15:53(eduroam),00:d7:8f:b5:a7:c6(UoA-Guest-WiFi),84:b2:61:b0:29:49(UoA-Guest-WiFi),84:b2:61:b0:29:41(UoA-WiFi),d8:b1:90:c4:63:26(UoA-Guest-WiFi),d8:b1:90:c9:15:51(UoA-WiFi),54:a2:74:d6:c0:66(UoA-Guest-WiFi),d8:b1:90:a2:80:6e(UoA-WiFi),d8:b1:90:a7:1a:2c(eduroam),d8:b1:90:a2:80:69(UoA-Guest-WiFi),d8:b1:90:b1:ee:fe(UoA-WiFi),54:a2:74:f2:d0:13(eduroam),84:b2:61:b0:29:4e(UoA-WiFi),84:b2:61:be:50:56(UoA-Guest-WiFi),84:b2:61:b0:2b:53(eduroam),cc:db:93:22:74:a9(UoA-Guest-WiFi),00:78:88:2c:8d:ac(eduroam),00:78:88:2c:8d:ae(UoA-WiFi),00:78:88:2c:8d:a9(UoA-Guest-WiFi),00:78:88:2c:8d:a1(UoA-WiFi),00:78:88:2c:8d:fc(eduroam),00:78:88:2c:8f:39(UoA-Guest-WiFi),84:b2:61:b0:27:ce(UoA-WiFi),00:78:88:2c:94:8e(UoA-WiFi),00:78:88:30:40:6e(UoA-Guest-WiFi),48:91:d5:f6:89:4c(eduroam),00:78:88:28:0c:89(UoA-Guest-WiFi),84:b2:61:be:50:53(eduroam),00:d7:8f:b5:a7:c3(eduroam),84:b2:61:b0:27:c3(eduroam),d8:b1:90:a2:8d:63(eduroam),00:78:88:2c:8d:fe(UoA-WiFi),84:b2:61:be:50:5c(eduroam),84:b2:61:be:50:5e(UoA-WiFi),84:b2:61:be:50:59(UoA-Guest-WiFi),48:91:d5:f6:89:4e(UoA-WiFi),84:b2:61:b0:27:cc(eduroam),48:91:d5:f6:89:46(UoA-Guest-WiFi),00:78:88:2c:94:83(eduroam),00:78:88:2c:94:81(UoA-WiFi),84:b2:61:b0:2b:51(UoA-WiFi),84:b2:61:b0:2b:56(UoA-Guest-WiFi),00:78:88:2c:8d:f9(UoA-Guest-WiFi),00:78:88:2c:94:89(UoA-Guest-WiFi),00:78:88:30:40:62(eduroam),48:91:d5:f6:89:43(eduroam),00:78:88:30:40:6f(UoA-WiFi),84:b2:61:b9:e7:5e(UoA-WiFi),74:11:b2:e3:43:1d(UoA-Guest-WiFi),74:11:b2:e3:43:1e(eduroam),74:11:b2:e3:43:1f(UoA-WiFi),00:d7:8f:93:17:d1(UoA-WiFi),00:d7:8f:93:17:d6(UoA-Guest-WiFi),00:d7:8f:93:17:d3(eduroam),84:b2:61:b0:27:c1(UoA-WiFi),84:b2:61:b0:27:c6(UoA-Guest-WiFi),00:78:88:30:40:61(UoA-Guest-WiFi),54:a2:74:d6:c0:63(eduroam),00:78:88:30:40:6d(eduroam),e8:65:49:1c:c4:59(UoA-Guest-WiFi),d8:b1:90:a6:51:c9(UoA-Guest-WiFi),84:b2:61:b9:e7:5c(eduroam),84:b2:61:b9:e7:ee(UoA-WiFi),84:b2:61:b0:27:c9(UoA-Guest-WiFi),00:78:88:2c:94:8c(eduroam),54:a2:74:f1:a5:f1(UoA-WiFi),00:d7:8f:b5:a7:c1(UoA-WiFi),d8:b1:90:b2:b6:e6(UoA-Guest-WiFi),48:91:d5:f6:89:41(UoA-WiFi),00:d7:8f:c1:3c:03(eduroam),d8:b1:90:a6:51:c1(UoA-WiFi),84:b2:61:b9:e7:59(UoA-Guest-WiFi),d8:b1:90:a6:51:c3(eduroam),00:d7:8f:b5:a7:ce(UoA-WiFi),2c:d0:2d:87:51:91(UoA-WiFi),d8:b1:90:a2:8d:61(UoA-WiFi),00:78:88:28:0c:81(UoA-WiFi),a0:ec:f9:04:d9:86(UoA-Guest-WiFi),d8:b1:90:a2:8d:66(UoA-Guest-WiFi),e8:65:49:1c:c4:5e(UoA-WiFi),d8:b1:90:a6:51:cc(eduroam),d8:b1:90:a6:51:ce(UoA-WiFi),00:78:88:2c:94:86(UoA-Guest-WiFi),28:6f:7f:c0:ed:91(UoA-WiFi),d8:b1:90:be:32:a6(UoA-Guest-WiFi),00:78:88:28:0c:63(eduroam),00:78:88:28:0c:61(UoA-WiFi),28:6f:7f:d0:e8:8c(eduroam),00:78:88:28:0c:86(UoA-Guest-WiFi),d8:b1:90:a2:7b:2e(UoA-WiFi),d8:b1:90:a2:7b:29(UoA-Guest-WiFi),d8:b1:90:c9:03:79(UoA-Guest-WiFi),00:78:88:28:0c:83(eduroam),d8:b1:90:c4:63:21(UoA-WiFi),d8:b1:90:b2:b6:e3(eduroam),d8:b1:90:a2:82:b9(UoA-Guest-WiFi),d8:b1:90:a2:82:be(UoA-WiFi),00:78:88:2c:8f:3e(UoA-WiFi),54:a2:74:db:5c:76(UoA-Guest-WiFi),e8:65:49:1c:bc:a6(UoA-Guest-WiFi),28:6f:7f:c0:ed:96(UoA-Guest-WiFi),00:78:88:2c:8f:33(eduroam),00:78:88:2c:8f:36(UoA-Guest-WiFi),74:11:b2:e3:43:11(eduroam),74:11:b2:e3:43:10(UoA-WiFi),28:6f:7f:c0:ed:99(UoA-Guest-WiFi),d8:b1:90:b0:47:be(UoA-WiFi),d8:b1:90:c4:58:39(UoA-Guest-WiFi),00:78:88:2c:8f:3c(eduroam),d8:b1:90:c4:63:29(UoA-Guest-WiFi),d8:b1:90:a2:7b:2c(eduroam),28:6f:7f:c0:ed:93(eduroam),e8:65:49:2a:f6:2c(eduroam),d8:b1:90:c9:03:73(eduroam),d8:b1:90:94:bc:89(UoA-Guest-WiFi),d8:b1:90:a7:17:ae(UoA-WiFi),d8:b1:90:a2:82:bc(eduroam),d8:b1:90:c9:15:2c(eduroam),d8:b1:90:c9:15:2e(UoA-WiFi),count
0,-298,-198,-61,-74,-75,-74,-79,-80,-79,-87,-87,-88,-100,-70,-78,-61,-61,-63,-63,-55,-76,-75,-76,-74,-90,-77,-76,-100,-90,-100,-100,-100,-100,-100,-74,-63,-63,-62,-100,-69,-76,-69,-68,-58,-100,-100,-63,-62,-100,-58,-57,-70,-79,-100,-100,-77,-66,-84,-84,-83,-82,-91,-100,-69,-66,-66,-91,-100,-100,-100,-100,-88,-69,-100,-100,-100,-90,-100,-100,-89,-74,-100,-100,-100,-100,-100,-100,-80,-100,-100,-100,-100,-78,-80,-100,-100,-100,-100,-100,-100,-100,-100,-100,-100,-100,-100,-100,-100,-100,-100,-100,-100,-100,-100,-100,-100,-100,-100,-100,-100,-100,-100,-100,-100,-100,-100,-100,-100,-100,-100,-100,-100,-100,-100,-100,-100,-100,-100,-100,-100,-100,-100,-100,-100,-100,-100,-100,-100,-100,-100,-100,-100,-100,-100,-100,-100,-100,-100,-100,-100,-100,-100,-100,-100,-100,-100,-100,-100,-100,-100,-100,-100,-100,-100,-100,-100,-100,-100,-100,-100,-100,-100,-100,-100,-100,-100,-100,-100,-100,-100,-100,-100,-100,-100,-100,-100,-100,-100,-100,-100,-100,-100,-100,-100,-100,-100,-100,-100,-100,-100,-100,-100,-100,-100,-100,-100,-100,-100,-100,-100,-100,-100,-100,-100,-100,-100,-100,-100,-100,-100,-100,-100,-100,-100,-100,-100,-100,-100,-100,-100,-100,-100,-100,-100,-100,-100,-100,-100,-100,-100,-100,-100,-100,-100,-100,-100,-100,-100,-100,-100,-100,-100,-100,-100,-100,-100,-100,-100,-100,-100,-100,-100,-100,-100,-100,-100,-100,-100,-100,-100,-100,-100,-100,-100,-100,-100,4
0,-242,-130,-50,-83,-83,-83,-76,-76,-76,-84,-84,-83,-77,-76,-86,-49,-50,-70,-70,-68,-80,-80,-80,-76,-100,-76,-76,-86,-100,-100,-100,-100,-100,-75,-100,-65,-65,-65,-100,-73,-100,-75,-100,-63,-67,-68,-46,-45,-45,-63,-63,-76,-89,-85,-100,-100,-100,-100,-100,-100,-100,-100,-100,-75,-75,-72,-100,-100,-100,-68,-100,-100,-77,-100,-100,-91,-100,-100,-100,-100,-100,-100,-100,-100,-100,-100,-100,-100,-100,-75,-100,-100,-100,-100,-100,-100,-100,-100,-100,-100,-100,-100,-100,-89,-90,-100,-100,-100,-100,-100,-100,-100,-100,-100,-100,-100,-100,-100,-100,-100,-100,-100,-100,-100,-100,-100,-100,-100,-100,-100,-100,-100,-100,-100,-100,-100,-100,-100,-100,-100,-100,-100,-100,-100,-100,-100,-100,-100,-100,-100,-100,-100,-100,-100,-100,-100,-100,-100,-100,-100,-100,-100,-100,-100,-100,-100,-100,-100,-100,-100,-100,-100,-100,-100,-100,-100,-100,-100,-100,-100,-100,-100,-92,-100,-100,-100,-100,-100,-100,-100,-100,-100,-100,-100,-100,-100,-100,-100,-100,-100,-100,-100,-100,-100,-100,-100,-100,-100,-100,-100,-100,-100,-100,-100,-100,-100,-100,-100,-100,-100,-100,-100,-100,-100,-100,-100,-100,-100,-100,-100,-100,-100,-100,-100,-100,-100,-100,-100,-100,-100,-100,-100,-100,-100,-100,-100,-100,-100,-100,-100,-100,-100,-100,-100,-100,-100,-100,-100,-100,-100,-100,-100,-100,-100,-100,-100,-100,-100,-100,-100,-100,-100,-100,-100,-100,-100,-100,-100,-100,-100,-100,-100,-100,-100,-100,-100,5
0,-226,-254,-50,-83,-83,-83,-76,-76,-76,-84,-84,-83,-77,-76,-86,-49,-50,-70,-70,-68,-80,-80,-80,-76,-100,-76,-76,-86,-100,-100,-100,-100,-100,-75,-100,-65,-65,-65,-100,-73,-100,-75,-100,-63,-67,-68,-46,-45,-45,-63,-63,-76,-89,-85,-100,-100,-100,-100,-100,-100,-100,-100,-100,-75,-75,-72,-100,-100,-100,-68,-100,-100,-77,-100,-100,-91,-100,-100,-100,-100,-100,-100,-100,-100,-100,-100,-100,-100,-100,-75,-100,-100,-100,-100,-100,-100,-100,-100,-100,-100,-100,-100,-100,-89,-90,-100,-100,-100,-100,-100,-100,-100,-100,-100,-100,-100,-100,-100,-100,-100,-100,-100,-100,-100,-100,-100,-100,-100,-100,-100,-100,-100,-100,-100,-100,-100,-100,-100,-100,-100,-100,-100,-100,-100,-100,-100,-100,-100,-100,-100,-100,-100,-100,-100,-100,-100,-100,-100,-100,-100,-100,-100,-100,-100,-100,-100,-100,-100,-100,-100,-100,-100,-100,-100,-100,-100,-100,-100,-100,-100,-100,-100,-92,-100,-100,-100,-100,-100,-100,-100,-100,-100,-100,-100,-100,-100,-100,-100,-100,-100,-100,-100,-100,-100,-100,-100,-100,-100,-100,-100,-100,-100,-100,-100,-100,-100,-100,-100,-100,-100,-100,-100,-100,-100,-100,-100,-100,-100,-100,-100,-100,-100,-100,-100,-100,-100,-100,-100,-100,-100,-100,-100,-100,-100,-100,-100,-100,-100,-100,-100,-100,-100,-100,-100,-100,-100,-100,-100,-100,-100,-100,-100,-100,-100,-100,-100,-100,-100,-100,-100,-100,-100,-100,-100,-100,-100,-100,-100,-100,-100,-100,-100,-100,-100,-100,-100,6
0,-223,-110,-50,-83,-83,-83,-76,-76,-76,-84,-84,-83,-77,-76,-86,-49,-50,-70,-70,-68,-80,-80,-80,-76,-100,-76,-76,-86,-100,-100,-100,-100,-100,-75,-100,-65,-65,-65,-100,-73,-100,-75,-100,-63,-67,-68,-46,-45,-45,-63,-63,-76,-89,-85,-100,-100,-100,-100,-100,-100,-100,-100,-100,-75,-75,-72,-100,-100,-100,-68,-100,-100,-77,-100,-100,-91,-100,-100,-100,-100,-100,-100,-100,-100,-100,-100,-100,-100,-100,-75,-100,-100,-100,-100,-100,-100,-100,-100,-100,-100,-100,-100,-100,-89,-90,-100,-100,-100,-100,-100,-100,-100,-100,-100,-100,-100,-100,-100,-100,-100,-100,-100,-100,-100,-100,-100,-100,-100,-100,-100,-100,-100,-100,-100,-100,-100,-100,-100,-100,-100,-100,-100,-100,-100,-100,-100,-100,-100,-100,-100,-100,-100,-100,-100,-100,-100,-100,-100,-100,-100,-100,-100,-100,-100,-100,-100,-100,-100,-100,-100,-100,-100,-100,-100,-100,-100,-100,-100,-100,-100,-100,-100,-92,-100,-100,-100,-100,-100,-100,-100,-100,-100,-100,-100,-100,-100,-100,-100,-100,-100,-100,-100,-100,-100,-100,-100,-100,-100,-100,-100,-100,-100,-100,-100,-100,-100,-100,-100,-100,-100,-100,-100,-100,-100,-100,-100,-100,-100,-100,-100,-100,-100,-100,-100,-100,-100,-100,-100,-100,-100,-100,-100,-100,-100,-100,-100,-100,-100,-100,-100,-100,-100,-100,-100,-100,-100,-100,-100,-100,-100,-100,-100,-100,-100,-100,-100,-100,-100,-100,-100,-100,-100,-100,-100,-100,-100,-100,-100,-100,-100,-100,-100,-100,-100,-100,-100,6
0,-202,-92,-100,-100,-100,-100,-100,-100,-100,-100,-100,-100,-100,-100,-100,-100,-100,-100,-100,-100,-100,-100,-100,-100,-100,-100,-100,-100,-100,-100,-100,-100,-100,-100,-100,-100,-100,-100,-100,-100,-100,-100,-100,-100,-100,-100,-100,-100,-100,-100,-100,-100,-100,-100,-100,-100,-100,-100,-100,-100,-100,-100,-100,-100,-100,-100,-100,-100,-100,-100,-100,-100,-100,-100,-100,-100,-100,-100,-100,-100,-100,-100,-100,-100,-100,-100,-100,-100,-100,-100,-100,-100,-100,-100,-100,-100,-100,-100,-100,-100,-100,-100,-100,-100,-100,-100,-100,-100,-100,-100,-100,-100,-100,-100,-100,-100,-100,-100,-100,-100,-100,-100,-100,-100,-100,-100,-100,-100,-100,-100,-100,-100,-100,-100,-100,-100,-100,-100,-100,-100,-100,-100,-100,-100,-100,-100,-100,-100,-100,-100,-100,-100,-100,-100,-100,-100,-100,-100,-100,-100,-100,-100,-100,-100,-100,-100,-100,-100,-100,-100,-100,-100,-100,-100,-100,-100,-100,-100,-100,-100,-100,-100,-100,-100,-100,-100,-100,-100,-100,-100,-100,-100,-100,-100,-100,-100,-100,-100,-100,-100,-100,-100,-100,-100,-100,-100,-100,-100,-100,-100,-100,-100,-100,-100,-100,-100,-100,-100,-100,-100,-100,-100,-100,-100,-100,-100,-100,-100,-100,-100,-100,-100,-100,-100,-100,-100,-100,-100,-100,-100,-100,-100,-100,-100,-100,-100,-100,-100,-100,-100,-100,-100,-100,-100,-100,-100,-100,-100,-100,-100,-100,-100,-100,-100,-100,-100,-100,-100,-100,-100,-100,-100,-100,-100,-100,-100,-100,-100,-100,-100,-100,-100,-100,-100,-100,-100,2
0,-186,181,-100,-100,-100,-100,-100,-100,-100,-100,-100,-100,-100,-100,-100,-100,-100,-100,-100,-100,-100,-100,-100,-100,-100,-100,-100,-85,-100,-100,-100,-100,-100,-100,-100,-100,-100,-100,-100,-100,-100,-100,-100,-100,-100,-100,-100,-100,-100,-100,-100,-100,-100,-100,-100,-100,-100,-100,-100,-100,-86,-100,-100,-100,-100,-100,-91,-90,-100,-100,-100,-100,-100,-100,-91,-100,-100,-100,-100,-100,-100,-100,-69,-62,-100,-100,-68,-100,-100,-100,-100,-100,-100,-100,-100,-100,-100,-100,-100,-100,-100,-100,-100,-100,-100,-100,-100,-100,-100,-100,-100,-100,-63,-61,-100,-100,-100,-100,-100,-100,-100,-65,-70,-70,-65,-100,-100,-100,-100,-100,-100,-100,-100,-69,-85,-100,-100,-100,-65,-100,-100,-100,-100,-100,-100,-100,-100,-100,-100,-67,-100,-100,-100,-100,-100,-100,-100,-78,-100,-100,-100,-100,-100,-100,-100,-100,-100,-100,-100,-100,-70,-100,-100,-100,-100,-100,-100,-100,-100,-100,-68,-58,-100,-100,-100,-100,-100,-83,-100,-90,-100,-100,-84,-100,-68,-100,-100,-100,-82,-78,-77,-77,-85,-90,-100,-75,-75,-59,-60,-83,-100,-100,-100,-100,-100,-84,-86,-85,-100,-100,-100,-100,-100,-100,-100,-100,-100,-87,-100,-100,-90,-82,-100,-100,-100,-100,-100,-100,-100,-100,-100,-100,-100,-100,-100,-100,-100,-89,-88,-77,-100,-100,-100,-100,-100,-100,-100,-100,-100,-100,-100,-100,-100,-100,-100,-100,-100,-100,-100,-100,-100,-100,-100,-100,-100,-100,-100,-100,-100,-100,-100,-100,-100,-100,-100,-100,6
0,-174,-109,-73,-65,-65,-65,-77,-100,-77,-100,-100,-100,-74,-74,-76,-74,-74,-55,-54,-54,-81,-81,-81,-80,-100,-82,-79,-83,-100,-100,-100,-82,-82,-70,-70,-67,-66,-67,-81,-100,-69,-72,-100,-46,-77,-100,-72,-72,-100,-47,-46,-74,-74,-76,-100,-100,-65,-73,-72,-72,-83,-100,-100,-100,-63,-64,-100,-89,-100,-100,-100,-100,-100,-100,-88,-100,-100,-100,-100,-100,-70,-75,-100,-100,-84,-100,-100,-83,-69,-100,-100,-100,-100,-100,-100,-100,-100,-80,-100,-100,-100,-100,-100,-84,-100,-100,-100,-90,-100,-100,-100,-100,-100,-100,-100,-100,-100,-100,-100,-100,-85,-100,-100,-84,-100,-100,-100,-100,-100,-88,-100,-100,-100,-100,-100,-100,-100,-83,-100,-100,-100,-100,-100,-100,-100,-100,-100,-100,-100,-100,-100,-100,-100,-100,-100,-100,-100,-100,-91,-100,-100,-100,-92,-87,-100,-100,-100,-100,-100,-100,-100,-100,-100,-100,-100,-100,-100,-100,-100,-100,-100,-100,-100,-100,-100,-100,-100,-100,-100,-100,-100,-100,-100,-100,-100,-100,-100,-100,-100,-100,-100,-100,-100,-100,-100,-100,-100,-100,-100,-100,-100,-100,-100,-100,-100,-100,-100,-100,-100,-100,-100,-100,-100,-100,-100,-100,-100,-100,-100,-100,-100,-100,-100,-100,-100,-100,-100,-100,-100,-100,-100,-100,-100,-100,-100,-100,-100,-100,-100,-100,-100,-100,-100,-100,-100,-100,-100,-100,-100,-100,-100,-100,-100,-100,-100,-100,-100,-100,-100,-100,-100,-100,-100,-100,-100,-100,-85,-100,-100,-100,-100,-100,-100,-100,-100,-100,6
0,-171,195,-100,-100,-100,-100,-100,-100,-100,-100,-100,-100,-100,-100,-100,-100,-100,-100,-100,-100,-100,-100,-100,-100,-100,-100,-100,-100,-100,-100,-100,-100,-100,-100,-100,-100,-100,-100,-100,-100,-100,-100,-100,-100,-100,-100,-100,-100,-100,-100,-100,-100,-100,-100,-100,-100,-100,-100,-100,-100,-100,-100,-100,-100,-100,-100,-100,-100,-100,-100,-100,-100,-100,-100,-100,-100,-100,-100,-100,-100,-100,-100,-100,-100,-100,-100,-100,-100,-100,-100,-100,-100,-100,-100,-100,-100,-100,-100,-100,-100,-100,-100,-100,-100,-100,-100,-100,-100,-100,-100,-100,-100,-100,-100,-100,-100,-100,-100,-100,-100,-100,-100,-100,-100,-100,-100,-100,-100,-100,-100,-100,-100,-100,-100,-100,-100,-100,-100,-100,-100,-100,-100,-100,-100,-100,-100,-100,-100,-100,-100,-100,-100,-100,-100,-100,-100,-100,-100,-100,-100,-100,-100,-100,-100,-100,-100,-100,-100,-100,-100,-100,-100,-100,-100,-100,-100,-100,-100,-100,-100,-100,-100,-100,-100,-100,-100,-100,-100,-100,-100,-100,-100,-100,-100,-100,-100,-100,-100,-100,-100,-100,-100,-100,-100,-100,-100,-100,-100,-100,-100,-100,-100,-100,-100,-100,-100,-100,-100,-100,-100,-100,-100,-100,-100,-100,-100,-100,-100,-100,-100,-100,-100,-100,-100,-100,-100,-100,-100,-100,-100,-100,-100,-100,-100,-100,-100,-100,-100,-100,-100,-100,-100,-100,-100,-100,-100,-100,-100,-100,-100,-100,-100,-100,-100,-100,-100,-100,-100,-100,-100,-100,-100,-100,-100,-100,-100,-100,-100,-100,-100,-100,-100,-100,-100,-100,-100,2
0,-161,86,-100,-100,-100,-100,-100,-100,-100,-100,-100,-100,-100,-100,-84,-100,-100,-100,-100,-100,-100,-100,-100,-100,-100,-100,-100,-73,-100,-100,-100,-100,-100,-100,-100,-100,-100,-100,-100,-100,-80,-74,-76,-100,-100,-100,-100,-100,-100,-100,-100,-100,-86,-85,-100,-100,-100,-84,-84,-84,-72,-100,-100,-100,-100,-100,-75,-75,-100,-89,-100,-66,-100,-100,-75,-100,-66,-100,-100,-65,-100,-100,-73,-71,-100,-100,-73,-71,-81,-100,-100,-100,-100,-100,-100,-100,-100,-100,-100,-100,-100,-100,-100,-100,-100,-100,-100,-100,-100,-100,-100,-100,-71,-70,-100,-100,-100,-100,-100,-100,-100,-100,-100,-68,-73,-70,-100,-100,-85,-100,-100,-100,-100,-73,-87,-90,-100,-100,-100,-100,-100,-90,-100,-100,-100,-73,-73,-64,-71,-68,-100,-100,-100,-100,-100,-100,-100,-77,-100,-100,-100,-100,-100,-100,-100,-100,-100,-100,-100,-100,-67,-100,-100,-100,-100,-100,-100,-91,-100,-76,-70,-100,-100,-100,-100,-100,-100,-100,-100,-86,-100,-100,-87,-100,-70,-100,-73,-100,-100,-100,-100,-84,-87,-86,-100,-100,-100,-67,-66,-100,-100,-100,-100,-100,-100,-100,-100,-100,-100,-100,-100,-100,-100,-100,-100,-100,-100,-100,-100,-100,-100,-100,-100,-100,-100,-100,-100,-100,-100,-100,-100,-100,-100,-100,-100,-100,-100,-100,-100,-100,-100,-67,-100,-100,-100,-100,-100,-100,-100,-100,-100,-100,-100,-100,-100,-100,-100,-87,-100,-100,-100,-100,-100,-100,-100,-100,-100,-100,-100,-100,-100,-100,-100,-100,-100,-100,4
0,-151,177,-100,-100,-100,-100,-100,-100,-100,-100,-100,-100,-100,-100,-100,-100,-100,-100,-100,-100,-100,-100,-100,-100,-100,-100,-100,-83,-100,-100,-100,-100,-100,-100,-100,-100,-100,-100,-100,-100,-100,-100,-100,-100,-100,-100,-100,-100,-100,-100,-100,-100,-100,-100,-100,-100,-100,-88,-88,-100,-100,-100,-100,-100,-100,-100,-82,-81,-77,-100,-100,-100,-100,-100,-81,-100,-100,-100,-100,-100,-100,-100,-68,-68,-100,-100,-67,-100,-100,-100,-100,-100,-100,-100,-100,-100,-100,-100,-100,-100,-100,-100,-100,-100,-100,-100,-100,-100,-100,-100,-100,-100,-65,-67,-100,-100,-100,-100,-100,-100,-100,-67,-60,-60,-67,-100,-100,-100,-100,-100,-100,-88,-100,-68,-82,-100,-100,-100,-68,-100,-100,-100,-100,-100,-100,-100,-100,-100,-100,-100,-100,-100,-100,-100,-100,-100,-100,-67,-100,-100,-100,-100,-100,-100,-100,-100,-100,-100,-100,-66,-60,-100,-100,-100,-100,-90,-100,-100,-100,-68,-69,-58,-100,-100,-100,-100,-100,-75,-100,-89,-100,-80,-82,-100,-68,-100,-100,-100,-78,-100,-79,-80,-83,-88,-80,-100,-100,-58,-58,-77,-100,-100,-100,-78,-100,-83,-84,-84,-100,-100,-100,-100,-100,-100,-100,-80,-100,-90,-85,-100,-100,-83,-100,-100,-100,-100,-100,-85,-100,-100,-100,-100,-100,-100,-100,-100,-100,-100,-90,-100,-80,-100,-100,-100,-100,-100,-100,-100,-100,-100,-100,-100,-100,-100,-100,-100,-100,-100,-100,-100,-100,-100,-100,-100,-100,-100,-100,-100,-100,-100,-100,-100,-100,-100,-100,-100,3
0,-119,14,-100,-100,-100,-100,-100,-100,-100,-100,-100,-100,-100,-100,-100,-100,-100,-89,-89,-89,-100,-100,-100,-100,-100,-100,-100,-88,-100,-100,-100,-83,-100,-100,-100,-100,-100,-100,-100,-100,-80,-100,-100,-100,-100,-100,-100,-100,-100,-100,-84,-100,-100,-100,-100,-100,-86,-85,-85,-84,-100,-100,-100,-100,-87,-100,-87,-87,-81,-83,-100,-89,-100,-87,-87,-100,-87,-100,-79,-84,-100,-100,-62,-71,-85,-100,-63,-100,-81,-100,-100,-100,-100,-100,-100,-100,-100,-100,-100,-100,-100,-100,-100,-100,-100,-100,-100,-100,-100,-100,-100,-100,-70,-71,-100,-82,-81,-100,-100,-84,-85,-59,-48,-47,-60,-92,-81,-89,-80,-82,-100,-89,-100,-63,-83,-100,-88,-100,-59,-100,-100,-100,-88,-100,-100,-85,-100,-100,-100,-71,-100,-100,-100,-100,-100,-100,-100,-66,-100,-91,-100,-100,-100,-100,-92,-100,-100,-100,-71,-67,-47,-85,-100,-80,-100,-100,-100,-100,-100,-68,-71,-68,-100,-100,-100,-100,-100,-88,-100,-84,-83,-82,-82,-100,-72,-72,-75,-100,-100,-100,-82,-82,-82,-81,-80,-72,-74,-67,-67,-100,-100,-100,-81,-82,-89,-90,-89,-89,-77,-100,-77,-75,-74,-76,-100,-80,-90,-100,-91,-100,-83,-100,-87,-72,-100,-82,-79,-100,-91,-88,-100,-84,-85,-100,-100,-100,-100,-100,-91,-73,-84,-100,-88,-100,-91,-100,-100,-100,-100,-100,-85,-82,-100,-100,-100,-100,-100,-84,-100,-100,-87,-90,-100,-100,-100,-100,-100,-100,-100,-100,-100,-100,-100,-100,-100,-100,10
0,-111,130,-100,-100,-100,-100,-100,-100,-100,-100,-100,-100,-100,-100,-100,-100,-100,-100,-100,-100,-100,-100,-100,-100,-100,-100,-100,-100,-100,-100,-100,-100,-100,-100,-100,-100,-100,-100,-100,-100,-86,-100,-100,-100,-100,-100,-100,-100,-100,-100,-100,-100,-100,-100,-100,-100,-100,-89,-90,-90,-88,-100,-100,-100,-100,-100,-89,-89,-100,-100,-100,-86,-100,-100,-88,-100,-85,-100,-100,-87,-100,-86,-67,-100,-100,-100,-67,-88,-100,-100,-100,-100,-100,-100,-100,-100,-100,-100,-100,-100,-100,-100,-100,-100,-100,-100,-100,-100,-100,-100,-100,-100,-69,-69,-100,-100,-100,-100,-100,-100,-100,-60,-48,-49,-60,-100,-100,-89,-87,-100,-100,-90,-88,-67,-83,-100,-100,-100,-59,-100,-100,-100,-88,-100,-100,-100,-100,-89,-100,-68,-100,-100,-100,-100,-100,-100,-100,-67,-100,-100,-100,-100,-100,-100,-100,-100,-100,-100,-71,-67,-48,-100,-100,-100,-100,-100,-100,-100,-100,-68,-68,-69,-100,-100,-100,-100,-100,-81,-100,-83,-100,-80,-83,-100,-68,-71,-73,-100,-81,-80,-80,-80,-83,-83,-80,-79,-100,-68,-70,-81,-83,-100,-100,-81,-100,-89,-89,-90,-73,-72,-73,-72,-73,-100,-100,-100,-100,-100,-89,-91,-83,-83,-88,-71,-85,-81,-80,-87,-100,-100,-100,-100,-100,-100,-100,-100,-100,-100,-100,-100,-100,-100,-100,-100,-100,-100,-100,-100,-100,-100,-100,-100,-100,-100,-100,-100,-100,-100,-100,-100,-100,-100,-100,-100,-100,-100,-100,-100,-100,-100,-100,-100,-100,-100,-100,-100,8
0,-96,125,-100,-100,-100,-100,-100,-100,-100,-100,-100,-100,-100,-100,-85,-100,-100,-100,-100,-100,-100,-100,-100,-100,-100,-100,-100,-80,-100,-100,-100,-100,-84,-100,-100,-100,-100,-100,-86,-100,-79,-87,-100,-86,-100,-81,-100,-100,-100,-100,-100,-100,-86,-89,-100,-100,-100,-85,-86,-83,-81,-100,-100,-100,-100,-100,-80,-80,-74,-100,-100,-78,-100,-100,-80,-100,-81,-100,-100,-82,-100,-100,-69,-66,-100,-100,-66,-100,-79,-100,-100,-100,-100,-100,-100,-100,-100,-86,-100,-100,-100,-100,-100,-100,-100,-100,-100,-100,-100,-100,-100,-100,-66,-65,-81,-81,-74,-100,-100,-100,-100,-61,-49,-50,-62,-100,-73,-100,-73,-73,-100,-100,-100,-66,-83,-100,-85,-85,-63,-100,-100,-100,-86,-86,-100,-100,-100,-87,-87,-63,-100,-100,-100,-100,-73,-100,-100,-68,-100,-100,-100,-100,-100,-100,-100,-100,-100,-100,-72,-67,-49,-100,-100,-100,-100,-100,-100,-100,-100,-66,-63,-63,-100,-100,-100,-100,-100,-79,-100,-85,-100,-80,-83,-100,-63,-100,-70,-100,-81,-76,-76,-76,-83,-84,-78,-72,-71,-62,-62,-81,-81,-75,-79,-100,-100,-87,-88,-87,-100,-100,-100,-71,-100,-75,-100,-80,-90,-100,-100,-100,-84,-100,-100,-100,-100,-100,-100,-100,-89,-100,-100,-100,-82,-100,-100,-81,-90,-100,-100,-100,-100,-100,-100,-86,-100,-100,-100,-100,-100,-100,-100,-100,-100,-100,-100,-100,-100,-100,-100,-100,-100,-100,-100,-100,-100,-100,-100,-100,-100,-100,-100,-100,-100,-100,-100,-100,7
0,-82,18,-100,-100,-100,-100,-100,-100,-100,-100,-100,-100,-89,-100,-73,-100,-100,-89,-86,-100,-100,-100,-100,-100,-100,-100,-100,-70,-100,-100,-100,-73,-100,-87,-100,-100,-100,-87,-100,-100,-67,-100,-100,-100,-72,-100,-100,-100,-100,-100,-100,-100,-73,-73,-100,-100,-100,-72,-72,-70,-70,-100,-100,-100,-100,-100,-71,-71,-75,-70,-83,-62,-100,-100,-71,-87,-62,-100,-69,-63,-100,-100,-78,-79,-82,-100,-80,-69,-67,-100,-100,-100,-70,-100,-100,-100,-100,-73,-100,-100,-100,-87,-86,-100,-88,-100,-89,-87,-88,-87,-89,-91,-79,-79,-100,-72,-100,-73,-100,-81,-81,-100,-68,-67,-78,-70,-74,-86,-74,-74,-83,-84,-100,-80,-88,-87,-100,-70,-100,-73,-100,-86,-100,-100,-69,-70,-100,-70,-72,-100,-100,-100,-100,-88,-100,-76,-100,-86,-100,-91,-91,-84,-89,-77,-100,-100,-100,-82,-77,-100,-69,-100,-81,-100,-88,-89,-100,-87,-76,-100,-73,-100,-87,-100,-100,-100,-100,-100,-100,-100,-100,-100,-100,-100,-78,-80,-100,-62,-100,-100,-90,-89,-100,-100,-100,-100,-100,-82,-100,-100,-100,-100,-100,-100,-86,-100,-100,-100,-100,-100,-100,-100,-100,-100,-83,-100,-100,-100,-100,-100,-100,-100,-100,-100,-100,-100,-100,-100,-100,-100,-100,-100,-62,-100,-100,-61,-100,-100,-100,-100,-100,-78,-100,-100,-100,-100,-100,-100,-100,-100,-72,-84,-88,-88,-92,-100,-100,-100,-100,-100,-100,-100,-100,-100,-100,-100,-100,-100,-100,-100,-100,-100,-100,-100,-100,-100,8
0,-82,76,-89,-100,-100,-100,-100,-100,-100,-100,-100,-100,-100,-100,-81,-89,-100,-87,-100,-100,-100,-100,-100,-100,-100,-100,-100,-69,-100,-100,-100,-100,-100,-100,-100,-100,-100,-100,-100,-100,-77,-100,-100,-78,-100,-100,-100,-100,-100,-100,-100,-100,-82,-83,-100,-100,-100,-81,-81,-80,-69,-100,-100,-100,-100,-100,-77,-78,-76,-100,-100,-72,-100,-100,-77,-100,-71,-100,-100,-71,-100,-100,-100,-71,-88,-100,-68,-69,-100,-100,-100,-100,-100,-100,-100,-100,-100,-77,-100,-100,-100,-100,-100,-100,-100,-100,-100,-100,-100,-100,-100,-100,-70,-68,-100,-100,-76,-100,-100,-100,-100,-65,-59,-60,-100,-85,-100,-89,-80,-80,-100,-100,-91,-69,-84,-92,-100,-100,-65,-100,-100,-90,-100,-100,-100,-100,-100,-86,-87,-67,-100,-100,-100,-100,-79,-100,-100,-77,-100,-100,-100,-100,-100,-100,-100,-100,-100,-100,-100,-100,-60,-100,-100,-100,-100,-100,-100,-91,-100,-100,-72,-67,-100,-100,-100,-100,-100,-100,-100,-87,-100,-100,-84,-100,-66,-100,-100,-100,-100,-75,-77,-74,-83,-87,-74,-72,-100,-66,-67,-100,-100,-100,-100,-100,-100,-91,-91,-91,-81,-100,-81,-100,-100,-100,-100,-100,-100,-100,-89,-100,-87,-100,-100,-68,-100,-100,-100,-100,-100,-100,-88,-100,-100,-100,-100,-100,-100,-100,-100,-100,-100,-88,-100,-100,-100,-100,-100,-100,-100,-100,-100,-100,-100,-100,-100,-100,-100,-100,-100,-100,-100,-100,-100,-100,-100,-100,-100,-100,-100,-100,-100,-100,-100,-100,-100,-100,4
0,-62,-7,-100,-100,-100,-100,-100,-100,-100,-100,-100,-100,-100,-100,-74,-84,-100,-86,-100,-100,-100,-100,-100,-100,-89,-100,-100,-66,-89,-100,-100,-76,-100,-100,-100,-100,-100,-100,-100,-100,-71,-100,-100,-100,-100,-74,-100,-100,-100,-100,-79,-100,-74,-75,-100,-100,-83,-68,-68,-68,-65,-100,-100,-100,-75,-100,-59,-59,-72,-73,-100,-62,-100,-100,-61,-100,-62,-69,-74,-62,-100,-75,-100,-78,-84,-100,-77,-66,-71,-100,-100,-100,-75,-74,-88,-100,-100,-69,-100,-100,-80,-85,-100,-100,-100,-80,-100,-82,-83,-85,-88,-88,-78,-78,-65,-65,-100,-100,-100,-100,-100,-100,-73,-100,-100,-80,-78,-100,-77,-77,-100,-100,-100,-76,-90,-85,-100,-100,-100,-100,-100,-85,-100,-80,-64,-65,-65,-80,-100,-100,-84,-100,-100,-83,-73,-100,-100,-84,-100,-100,-100,-100,-100,-87,-86,-87,-100,-84,-100,-100,-100,-80,-100,-100,-89,-100,-100,-84,-100,-100,-100,-100,-100,-100,-100,-100,-100,-100,-100,-100,-100,-100,-89,-100,-81,-100,-100,-100,-100,-100,-100,-100,-90,-100,-100,-100,-100,-100,-100,-100,-91,-100,-100,-100,-89,-100,-100,-100,-100,-100,-100,-100,-100,-100,-100,-100,-100,-100,-100,-100,-100,-100,-100,-100,-100,-100,-100,-100,-89,-100,-100,-100,-100,-100,-85,-100,-100,-100,-100,-100,-100,-100,-100,-100,-100,-100,-100,-100,-100,-100,-100,-83,-100,-100,-100,-89,-86,-100,-100,-100,-100,-100,-100,-100,-100,-89,-100,-100,-100,-100,-100,-100,-100,-100,-100,-100,7
0,-12,160,-84,-100,-100,-100,-100,-100,-100,-100,-100,-100,-90,-100,-76,-100,-100,-79,-78,-79,-100,-100,-100,-100,-100,-100,-100,-100,-100,-100,-100,-100,-100,-100,-100,-100,-88,-100,-63,-100,-100,-100,-100,-70,-100,-83,-100,-100,-100,-70,-100,-100,-82,-75,-100,-100,-100,-100,-100,-100,-87,-100,-100,-100,-100,-100,-100,-100,-100,-100,-90,-79,-100,-100,-100,-100,-80,-100,-100,-79,-100,-100,-100,-80,-100,-100,-87,-100,-100,-100,-100,-100,-84,-84,-100,-100,-100,-63,-100,-100,-100,-100,-100,-100,-100,-100,-100,-100,-100,-100,-100,-100,-79,-79,-100,-100,-100,-100,-100,-100,-100,-83,-60,-60,-83,-100,-100,-100,-100,-100,-100,-100,-100,-87,-100,-100,-100,-100,-100,-100,-100,-100,-100,-100,-100,-100,-100,-100,-100,-78,-100,-100,-100,-100,-100,-100,-100,-74,-100,-100,-100,-89,-100,-100,-100,-100,-100,-88,-57,-74,-59,-100,-100,-100,-100,-100,-100,-100,-100,-73,-100,-75,-100,-100,-100,-100,-100,-100,-100,-86,-100,-100,-100,-100,-81,-57,-60,-72,-100,-100,-100,-100,-100,-83,-100,-100,-100,-100,-100,-100,-100,-100,-100,-100,-100,-100,-100,-100,-100,-60,-60,-60,-60,-100,-100,-100,-100,-100,-100,-100,-80,-100,-100,-55,-100,-100,-100,-100,-100,-100,-80,-100,-100,-100,-100,-71,-100,-100,-100,-100,-100,-100,-100,-100,-100,-100,-100,-100,-100,-100,-100,-100,-100,-100,-100,-100,-100,-100,-100,-100,-100,-100,-100,-100,-100,-100,-100,-100,-100,-100,-100,-100,-100,-100,-100,-100,4
0,-1,5,-83,-100,-100,-100,-100,-100,-100,-100,-100,-100,-87,-87,-68,-100,-81,-100,-85,-100,-100,-100,-100,-100,-100,-100,-100,-74,-100,-100,-100,-100,-100,-100,-100,-100,-100,-100,-100,-100,-76,-100,-100,-100,-75,-100,-100,-100,-100,-100,-71,-100,-68,-68,-100,-100,-100,-81,-80,-81,-74,-100,-100,-100,-100,-100,-55,-55,-79,-75,-100,-72,-100,-100,-58,-100,-72,-100,-100,-72,-100,-100,-100,-77,-86,-100,-100,-74,-76,-100,-100,-100,-77,-100,-100,-100,-100,-63,-100,-100,-100,-100,-100,-100,-100,-100,-100,-90,-89,-90,-87,-86,-77,-78,-100,-100,-100,-100,-88,-86,-100,-100,-100,-70,-100,-100,-74,-100,-74,-73,-100,-100,-100,-70,-100,-88,-100,-100,-100,-100,-100,-100,-100,-73,-57,-56,-56,-100,-85,-100,-100,-100,-100,-100,-100,-100,-100,-79,-100,-100,-100,-100,-100,-100,-100,-100,-100,-87,-100,-100,-100,-100,-100,-100,-100,-100,-100,-89,-100,-100,-70,-100,-100,-100,-100,-100,-100,-100,-100,-100,-100,-100,-100,-100,-70,-100,-100,-100,-100,-84,-84,-100,-100,-100,-100,-100,-100,-100,-100,-100,-100,-100,-100,-100,-100,-100,-100,-100,-100,-100,-100,-100,-100,-100,-100,-100,-100,-100,-100,-100,-100,-100,-100,-100,-100,-100,-100,-100,-100,-100,-100,-100,-100,-100,-100,-100,-100,-100,-100,-100,-100,-100,-100,-100,-100,-100,-100,-100,-100,-100,-100,-100,-100,-100,-100,-100,-100,-100,-100,-100,-100,-100,-100,-100,-100,-100,-100,-100,-100,-100,-100,-100,-100,-100,-100,-100,4
0,0,11,-82,-100,-100,-100,-88,-89,-100,-100,-100,-100,-88,-78,-65,-83,-86,-84,-86,-83,-100,-100,-100,-100,-85,-100,-100,-40,-87,-100,-100,-74,-73,-100,-100,-100,-81,-100,-63,-81,-77,-100,-100,-72,-67,-69,-82,-100,-100,-75,-76,-86,-65,-65,-81,-100,-100,-79,-80,-81,-40,-84,-100,-100,-100,-100,-76,-76,-79,-69,-100,-78,-100,-100,-75,-86,-78,-100,-76,-78,-100,-79,-78,-80,-88,-100,-77,-42,-77,-100,-100,-100,-79,-100,-100,-100,-100,-63,-65,-100,-71,-87,-87,-100,-85,-100,-100,-88,-89,-89,-100,-100,-81,-82,-74,-100,-80,-100,-100,-100,-86,-76,-100,-77,-100,-100,-89,-89,-84,-100,-100,-84,-85,-78,-87,-100,-100,-75,-100,-100,-76,-100,-100,-100,-79,-77,-100,-85,-90,-100,-100,-90,-100,-100,-80,-100,-100,-100,-100,-100,-100,-83,-100,-100,-100,-100,-100,-85,-100,-100,-100,-100,-86,-100,-100,-100,-100,-100,-100,-100,-100,-81,-86,-100,-100,-100,-100,-100,-100,-100,-100,-100,-87,-90,-100,-100,-100,-81,-100,-100,-89,-100,-100,-100,-100,-100,-100,-100,-100,-100,-100,-100,-100,-87,-100,-100,-100,-100,-100,-100,-100,-100,-100,-100,-100,-100,-100,-100,-89,-100,-100,-89,-100,-100,-100,-100,-100,-100,-100,-100,-100,-100,-100,-84,-100,-100,-100,-100,-100,-100,-100,-100,-100,-100,-100,-100,-100,-100,-100,-100,-100,-100,-100,-100,-100,-100,-100,-100,-82,-100,-100,-100,-100,-88,-100,-100,-100,-100,-100,-100,-100,-100,-100,-100,-100,-100,11
0,19,209,-88,-100,-100,-100,-100,-90,-92,-100,-100,-100,-100,-100,-87,-89,-90,-81,-100,-81,-100,-100,-100,-100,-100,-100,-100,-100,-100,-100,-100,-100,-100,-86,-100,-100,-100,-100,-100,-100,-100,-100,-100,-67,-100,-100,-100,-100,-100,-100,-100,-100,-88,-86,-100,-100,-100,-100,-100,-100,-100,-100,-100,-100,-100,-100,-91,-90,-100,-100,-88,-100,-100,-100,-90,-100,-83,-100,-100,-83,-100,-100,-100,-85,-100,-100,-100,-100,-100,-100,-100,-100,-100,-100,-100,-100,-100,-100,-100,-100,-100,-100,-100,-100,-100,-100,-100,-100,-100,-100,-100,-100,-85,-86,-100,-100,-100,-100,-100,-100,-100,-100,-59,-59,-100,-100,-100,-100,-100,-100,-88,-100,-100,-100,-100,-100,-100,-100,-100,-100,-87,-100,-100,-100,-100,-100,-100,-100,-100,-100,-100,-100,-100,-100,-100,-100,-100,-71,-100,-100,-100,-87,-100,-100,-100,-100,-79,-100,-56,-72,-59,-100,-100,-100,-100,-100,-100,-100,-100,-70,-100,-100,-100,-100,-100,-100,-100,-100,-100,-75,-100,-100,-100,-100,-100,-57,-51,-100,-100,-100,-100,-100,-100,-75,-100,-100,-100,-100,-100,-100,-100,-100,-100,-100,-100,-100,-100,-100,-69,-100,-69,-52,-51,-100,-100,-100,-100,-100,-100,-100,-74,-100,-100,-57,-100,-100,-85,-100,-100,-100,-83,-100,-100,-100,-100,-100,-100,-100,-100,-100,-100,-100,-100,-100,-100,-100,-100,-100,-100,-100,-100,-100,-100,-100,-100,-100,-100,-100,-100,-100,-100,-100,-100,-100,-100,-100,-100,-100,-100,-100,-100,-100,-100,-100,-100,-100,3
0,26,-68,-100,-100,-100,-100,-100,-100,-100,-100,-100,-100,-100,-100,-74,-84,-100,-86,-100,-100,-100,-100,-100,-100,-89,-100,-100,-66,-89,-100,-100,-76,-100,-100,-100,-100,-100,-100,-100,-100,-71,-100,-100,-100,-100,-74,-100,-100,-100,-100,-79,-100,-74,-75,-100,-100,-83,-68,-68,-68,-65,-100,-100,-100,-75,-100,-59,-59,-72,-73,-100,-62,-100,-100,-61,-100,-62,-69,-74,-62,-100,-75,-100,-78,-84,-100,-77,-66,-71,-100,-100,-100,-75,-74,-88,-100,-100,-69,-100,-100,-80,-85,-100,-100,-100,-80,-100,-82,-83,-85,-88,-88,-78,-78,-65,-65,-100,-100,-100,-100,-100,-100,-73,-100,-100,-80,-78,-100,-77,-77,-100,-100,-100,-76,-90,-85,-100,-100,-100,-100,-100,-85,-100,-80,-64,-65,-65,-80,-100,-100,-84,-100,-100,-83,-73,-100,-100,-84,-100,-100,-100,-100,-100,-87,-86,-87,-100,-84,-100,-100,-100,-80,-100,-100,-89,-100,-100,-84,-100,-100,-100,-100,-100,-100,-100,-100,-100,-100,-100,-100,-100,-100,-89,-100,-81,-100,-100,-100,-100,-100,-100,-100,-90,-100,-100,-100,-100,-100,-100,-100,-91,-100,-100,-100,-89,-100,-100,-100,-100,-100,-100,-100,-100,-100,-100,-100,-100,-100,-100,-100,-100,-100,-100,-100,-100,-100,-100,-100,-89,-100,-100,-100,-100,-100,-85,-100,-100,-100,-100,-100,-100,-100,-100,-100,-100,-100,-100,-100,-100,-100,-100,-83,-100,-100,-100,-89,-86,-100,-100,-100,-100,-100,-100,-100,-100,-89,-100,-100,-100,-100,-100,-100,-100,-100,-100,-100,6
0,37,38,-100,-100,-100,-100,-100,-100,-100,-100,-100,-100,-100,-100,-58,-90,-100,-100,-100,-100,-100,-100,-100,-100,-100,-100,-100,-61,-100,-100,-100,-100,-100,-100,-100,-100,-100,-100,-50,-100,-83,-100,-100,-100,-100,-100,-100,-100,-100,-87,-87,-100,-58,-58,-100,-100,-100,-87,-87,-87,-64,-100,-100,-100,-100,-100,-92,-100,-100,-100,-100,-79,-100,-100,-92,-83,-80,-100,-83,-80,-100,-100,-89,-100,-100,-100,-89,-64,-83,-100,-100,-100,-100,-100,-100,-100,-100,-50,-50,-100,-100,-100,-100,-100,-84,-100,-100,-100,-100,-100,-100,-100,-100,-100,-100,-100,-87,-100,-100,-100,-100,-100,-100,-100,-100,-100,-100,-100,-100,-100,-100,-100,-100,-89,-100,-100,-100,-100,-100,-100,-100,-100,-100,-100,-100,-100,-100,-100,-100,-100,-100,-100,-100,-100,-100,-100,-100,-100,-100,-100,-100,-100,-100,-100,-100,-100,-82,-100,-100,-100,-100,-100,-100,-100,-100,-100,-100,-100,-100,-100,-100,-100,-84,-100,-100,-100,-79,-100,-100,-100,-100,-100,-100,-100,-100,-100,-100,-100,-100,-100,-100,-100,-100,-100,-100,-100,-100,-100,-100,-100,-100,-100,-100,-100,-100,-100,-100,-100,-100,-100,-100,-100,-100,-100,-100,-100,-100,-100,-100,-100,-100,-100,-100,-100,-100,-100,-100,-100,-100,-100,-100,-100,-100,-100,-100,-100,-100,-100,-100,-100,-100,-100,-100,-100,-100,-82,-100,-100,-100,-82,-100,-100,-100,-100,-100,-100,-100,-100,-77,-78,-100,-100,-100,-100,-100,-100,-100,-100,-100,-100,-100,-100,-100,-100,-100,-100,4
0,51,18,-100,-100,-100,-100,-100,-100,-100,-100,-100,-100,-100,-100,-61,-100,-100,-100,-100,-92,-100,-100,-100,-100,-100,-100,-100,-55,-100,-100,-100,-100,-100,-100,-100,-100,-100,-100,-53,-100,-100,-100,-100,-100,-100,-100,-100,-100,-100,-100,-100,-100,-63,-62,-100,-100,-100,-88,-89,-86,-46,-100,-100,-100,-100,-100,-86,-86,-100,-86,-100,-85,-100,-100,-85,-87,-84,-100,-100,-84,-100,-100,-91,-100,-100,-100,-100,-46,-100,-100,-100,-100,-100,-100,-100,-100,-100,-53,-53,-100,-100,-100,-100,-100,-88,-100,-100,-100,-100,-100,-100,-100,-100,-100,-100,-100,-100,-100,-100,-100,-100,-100,-100,-100,-100,-100,-86,-100,-87,-87,-100,-100,-100,-100,-100,-100,-100,-87,-100,-100,-100,-100,-100,-86,-84,-81,-100,-100,-90,-100,-100,-100,-100,-100,-100,-100,-100,-100,-100,-100,-100,-100,-100,-100,-100,-100,-85,-100,-100,-100,-100,-100,-100,-100,-100,-100,-100,-100,-100,-100,-100,-100,-88,-100,-100,-100,-85,-100,-78,-100,-100,-100,-100,-100,-100,-100,-100,-100,-100,-100,-100,-100,-100,-100,-100,-100,-100,-100,-100,-100,-100,-100,-100,-100,-100,-100,-100,-100,-100,-100,-100,-100,-100,-100,-100,-100,-100,-100,-100,-100,-100,-100,-100,-100,-100,-100,-100,-100,-100,-100,-100,-100,-100,-84,-100,-100,-100,-100,-100,-100,-100,-100,-100,-100,-100,-84,-100,-100,-100,-83,-100,-100,-100,-100,-78,-100,-100,-100,-73,-71,-100,-100,-100,-100,-100,-79,-100,-100,-100,-100,-100,-100,-100,-100,-100,-100,8
0,74,-46,-100,-100,-100,-100,-100,-100,-100,-100,-100,-100,-100,-100,-65,-100,-100,-100,-100,-100,-100,-100,-100,-100,-100,-100,-100,-60,-100,-100,-100,-100,-100,-100,-100,-100,-100,-100,-66,-100,-100,-100,-100,-100,-100,-100,-100,-100,-100,-100,-100,-100,-65,-66,-100,-100,-100,-100,-100,-100,-61,-89,-100,-100,-100,-100,-100,-88,-100,-79,-100,-100,-100,-100,-100,-82,-100,-100,-100,-100,-100,-100,-100,-89,-100,-100,-100,-62,-100,-100,-100,-100,-100,-100,-100,-100,-100,-66,-67,-100,-100,-100,-100,-100,-82,-100,-100,-100,-100,-100,-100,-100,-88,-88,-100,-100,-100,-100,-100,-100,-100,-100,-100,-100,-100,-100,-89,-100,-87,-88,-100,-100,-100,-100,-100,-100,-100,-100,-100,-100,-100,-100,-100,-84,-100,-78,-100,-100,-100,-100,-100,-100,-100,-100,-100,-100,-100,-100,-100,-100,-100,-100,-100,-100,-89,-90,-100,-100,-100,-100,-100,-100,-100,-100,-100,-90,-100,-100,-100,-100,-100,-100,-81,-100,-100,-100,-100,-100,-100,-100,-100,-100,-100,-100,-100,-100,-100,-100,-100,-100,-100,-100,-100,-100,-100,-100,-100,-100,-100,-100,-100,-100,-100,-100,-100,-100,-100,-100,-100,-100,-100,-100,-100,-100,-100,-100,-100,-100,-100,-100,-100,-100,-100,-100,-100,-100,-100,-100,-100,-100,-100,-100,-100,-100,-100,-100,-100,-100,-100,-100,-100,-100,-100,-100,-100,-100,-100,-100,-100,-100,-100,-100,-100,-100,-100,-100,-100,-100,-100,-85,-100,-100,-100,-100,-100,-100,-100,-100,-100,-100,-100,-100,-100,-100,-100,-100,6
0,78,-110,-100,-100,-100,-100,-100,-100,-100,-100,-100,-100,-100,-100,-74,-84,-100,-86,-100,-100,-100,-100,-100,-100,-89,-100,-100,-66,-89,-100,-100,-76,-100,-100,-100,-100,-100,-100,-100,-100,-71,-100,-100,-100,-100,-74,-100,-100,-100,-100,-79,-100,-74,-75,-100,-100,-83,-68,-68,-68,-65,-100,-100,-100,-75,-100,-59,-59,-72,-73,-100,-62,-100,-100,-61,-100,-62,-69,-74,-62,-100,-75,-100,-78,-84,-100,-77,-66,-71,-100,-100,-100,-75,-74,-88,-100,-100,-69,-100,-100,-80,-85,-100,-100,-100,-80,-100,-82,-83,-85,-88,-88,-78,-78,-65,-65,-100,-100,-100,-100,-100,-100,-73,-100,-100,-80,-78,-100,-77,-77,-100,-100,-100,-76,-90,-85,-100,-100,-100,-100,-100,-85,-100,-80,-64,-65,-65,-80,-100,-100,-84,-100,-100,-83,-73,-100,-100,-84,-100,-100,-100,-100,-100,-87,-86,-87,-100,-84,-100,-100,-100,-80,-100,-100,-89,-100,-100,-84,-100,-100,-100,-100,-100,-100,-100,-100,-100,-100,-100,-100,-100,-100,-89,-100,-81,-100,-100,-100,-100,-100,-100,-100,-90,-100,-100,-100,-100,-100,-100,-100,-91,-100,-100,-100,-89,-100,-100,-100,-100,-100,-100,-100,-100,-100,-100,-100,-100,-100,-100,-100,-100,-100,-100,-100,-100,-100,-100,-100,-89,-100,-100,-100,-100,-100,-85,-100,-100,-100,-100,-100,-100,-100,-100,-100,-100,-100,-100,-100,-100,-100,-100,-83,-100,-100,-100,-89,-86,-100,-100,-100,-100,-100,-100,-100,-100,-89,-100,-100,-100,-100,-100,-100,-100,-100,-100,-100,6
1,-231,-192,-100,-100,-100,-100,-100,-100,-100,-100,-100,-100,-100,-100,-88,-100,-100,-100,-100,-100,-100,-100,-100,-100,-63,-100,-100,-88,-63,-62,-62,-59,-55,-100,-100,-100,-100,-100,-100,-100,-73,-100,-100,-87,-48,-48,-100,-100,-100,-100,-100,-100,-87,-89,-66,-66,-100,-86,-85,-85,-100,-63,-62,-100,-100,-100,-100,-100,-100,-48,-100,-100,-100,-66,-100,-100,-100,-100,-73,-100,-100,-54,-100,-100,-100,-87,-100,-100,-73,-100,-75,-100,-53,-54,-78,-84,-84,-100,-100,-84,-59,-77,-77,-100,-100,-100,-100,-100,-100,-100,-100,-100,-100,-100,-82,-100,-100,-100,-100,-100,-100,-100,-100,-100,-100,-100,-100,-100,-100,-100,-100,-100,-100,-100,-100,-100,-100,-72,-100,-100,-100,-100,-100,-100,-100,-100,-100,-100,-100,-100,-78,-67,-68,-100,-100,-100,-100,-100,-100,-100,-100,-100,-100,-100,-100,-100,-100,-100,-100,-100,-100,-100,-100,-100,-100,-100,-100,-100,-100,-100,-100,-100,-100,-100,-100,-100,-100,-100,-100,-100,-100,-100,-100,-100,-100,-100,-100,-100,-100,-100,-100,-100,-100,-100,-100,-100,-100,-100,-100,-100,-100,-100,-100,-100,-100,-100,-100,-100,-100,-100,-100,-100,-100,-100,-100,-100,-100,-100,-100,-100,-100,-100,-100,-100,-100,-100,-100,-100,-100,-100,-100,-100,-100,-100,-88,-100,-100,-100,-100,-100,-100,-100,-100,-100,-100,-100,-70,-70,-100,-100,-100,-100,-87,-87,-100,-100,-100,-100,-100,-100,-100,-100,-100,-75,-68,-100,-100,-70,-100,-100,-100,-100,-100,-88,-88,-89,9
1,-183,-219,-89,-100,-100,-100,-100,-100,-100,-100,-100,-100,-100,-100,-86,-88,-89,-89,-89,-100,-100,-100,-100,-100,-100,-100,-100,-78,-100,-80,-100,-68,-67,-100,-81,-83,-100,-100,-100,-100,-69,-100,-100,-100,-58,-57,-100,-100,-100,-100,-100,-100,-84,-87,-100,-100,-100,-76,-78,-76,-82,-100,-100,-100,-100,-100,-89,-89,-76,-54,-77,-83,-100,-100,-88,-100,-85,-100,-67,-100,-100,-68,-86,-81,-81,-100,-80,-80,-67,-100,-100,-92,-100,-69,-100,-100,-100,-100,-79,-100,-66,-100,-88,-100,-100,-100,-100,-100,-88,-90,-87,-85,-82,-82,-100,-66,-76,-74,-85,-83,-84,-100,-100,-100,-100,-82,-69,-100,-71,-70,-79,-89,-100,-79,-100,-90,-100,-73,-100,-76,-100,-89,-100,-73,-100,-100,-100,-89,-100,-78,-87,-93,-100,-100,-80,-100,-75,-100,-100,-88,-85,-78,-100,-100,-100,-100,-100,-73,-100,-100,-73,-100,-75,-100,-83,-100,-86,-88,-81,-100,-100,-100,-100,-100,-100,-100,-79,-100,-100,-100,-100,-100,-100,-100,-100,-100,-100,-77,-100,-100,-100,-100,-100,-100,-100,-100,-100,-100,-100,-100,-100,-100,-100,-100,-100,-100,-100,-100,-100,-100,-100,-100,-100,-100,-82,-100,-100,-100,-100,-100,-100,-100,-100,-100,-100,-100,-100,-100,-100,-100,-100,-100,-100,-100,-100,-100,-100,-100,-100,-100,-100,-100,-100,-100,-89,-100,-100,-100,-89,-100,-100,-100,-100,-100,-100,-100,-100,-100,-100,-100,-100,-100,-100,-100,-100,-100,-91,-100,-100,-87,-84,-90,-92,-100,-100,-100,7
1,-125,-142,-89,-100,-100,-100,-100,-100,-100,-100,-100,-100,-100,-100,-86,-88,-89,-89,-89,-100,-100,-100,-100,-100,-100,-100,-100,-78,-100,-80,-100,-68,-67,-100,-81,-83,-100,-100,-100,-100,-69,-100,-100,-100,-58,-57,-100,-100,-100,-100,-100,-100,-84,-87,-100,-100,-100,-76,-78,-76,-82,-100,-100,-100,-100,-100,-89,-89,-76,-54,-77,-83,-100,-100,-88,-100,-85,-100,-67,-100,-100,-68,-86,-81,-81,-100,-80,-80,-67,-100,-100,-92,-100,-69,-100,-100,-100,-100,-79,-100,-66,-100,-88,-100,-100,-100,-100,-100,-88,-90,-87,-85,-82,-82,-100,-66,-76,-74,-85,-83,-84,-100,-100,-100,-100,-82,-69,-100,-71,-70,-79,-89,-100,-79,-100,-90,-100,-73,-100,-76,-100,-89,-100,-73,-100,-100,-100,-89,-100,-78,-87,-93,-100,-100,-80,-100,-75,-100,-100,-88,-85,-78,-100,-100,-100,-100,-100,-73,-100,-100,-73,-100,-75,-100,-83,-100,-86,-88,-81,-100,-100,-100,-100,-100,-100,-100,-79,-100,-100,-100,-100,-100,-100,-100,-100,-100,-100,-77,-100,-100,-100,-100,-100,-100,-100,-100,-100,-100,-100,-100,-100,-100,-100,-100,-100,-100,-100,-100,-100,-100,-100,-100,-100,-100,-82,-100,-100,-100,-100,-100,-100,-100,-100,-100,-100,-100,-100,-100,-100,-100,-100,-100,-100,-100,-100,-100,-100,-100,-100,-100,-100,-100,-100,-100,-89,-100,-100,-100,-89,-100,-100,-100,-100,-100,-100,-100,-100,-100,-100,-100,-100,-100,-100,-100,-100,-100,-91,-100,-100,-87,-84,-90,-92,-100,-100,-100,13
1,-47,-46,-89,-100,-100,-100,-100,-100,-100,-100,-100,-100,-100,-100,-86,-88,-89,-89,-89,-100,-100,-100,-100,-100,-83,-100,-100,-78,-100,-80,-100,-68,-67,-100,-81,-83,-100,-100,-100,-100,-69,-100,-100,-100,-58,-57,-100,-100,-100,-100,-100,-100,-84,-87,-100,-100,-100,-76,-78,-76,-82,-100,-100,-100,-100,-100,-89,-89,-76,-54,-77,-83,-100,-100,-88,-100,-85,-100,-67,-100,-100,-68,-86,-81,-81,-100,-80,-80,-67,-100,-100,-92,-100,-69,-100,-100,-100,-100,-79,-100,-66,-100,-88,-100,-100,-100,-100,-100,-88,-90,-87,-85,-82,-82,-100,-66,-76,-74,-85,-83,-84,-75,-100,-100,-100,-82,-69,-100,-71,-70,-79,-89,-100,-79,-100,-90,-100,-73,-100,-76,-100,-89,-100,-73,-100,-100,-100,-89,-100,-78,-87,-93,-100,-100,-80,-100,-75,-100,-100,-88,-85,-78,-100,-100,-100,-100,-100,-73,-100,-100,-73,-100,-75,-100,-83,-100,-86,-88,-81,-100,-100,-100,-100,-100,-100,-83,-79,-100,-100,-100,-100,-100,-100,-100,-100,-100,-100,-77,-100,-100,-100,-100,-100,-100,-100,-100,-100,-100,-100,-100,-100,-100,-100,-100,-100,-100,-100,-100,-100,-100,-100,-100,-100,-100,-82,-100,-100,-100,-100,-100,-100,-100,-100,-100,-100,-100,-100,-100,-100,-100,-100,-100,-100,-100,-100,-100,-100,-100,-100,-100,-100,-100,-100,-100,-89,-100,-100,-100,-89,-100,-100,-100,-100,-100,-100,-100,-100,-100,-100,-100,-100,-100,-100,-100,-100,-100,-91,-100,-100,-87,-84,-90,-92,-100,-100,-100,8
1,-31,-34,-100,-100,-100,-100,-100,-100,-100,-100,-100,-100,-100,-100,-100,-100,-100,-91,-89,-100,-100,-100,-100,-100,-100,-100,-100,-88,-100,-100,-100,-100,-100,-100,-100,-100,-100,-100,-100,-100,-100,-88,-100,-100,-100,-100,-100,-100,-100,-100,-100,-100,-100,-100,-100,-100,-100,-85,-85,-83,-100,-100,-100,-100,-100,-100,-86,-87,-100,-100,-100,-100,-100,-100,-87,-100,-100,-100,-100,-88,-100,-100,-62,-71,-88,-100,-63,-100,-100,-100,-100,-100,-100,-100,-100,-100,-100,-100,-100,-100,-83,-100,-100,-100,-100,-100,-100,-100,-100,-100,-100,-100,-71,-71,-83,-83,-100,-100,-100,-89,-87,-60,-49,-49,-61,-100,-100,-100,-83,-83,-100,-100,-100,-61,-82,-100,-100,-100,-60,-100,-100,-100,-100,-100,-100,-100,-100,-100,-100,-100,-100,-100,-100,-100,-100,-100,-100,-68,-100,-100,-100,-100,-100,-100,-100,-100,-100,-100,-100,-69,-49,-100,-100,-100,-100,-100,-100,-100,-100,-69,-69,-65,-100,-100,-100,-100,-100,-86,-100,-83,-100,-81,-83,-100,-70,-100,-100,-100,-86,-78,-80,-80,-81,-100,-82,-71,-72,-65,-66,-87,-100,-100,-100,-100,-90,-87,-88,-89,-100,-100,-100,-100,-100,-100,-100,-100,-91,-100,-100,-100,-81,-100,-100,-100,-100,-100,-100,-88,-100,-100,-100,-100,-100,-100,-100,-83,-91,-100,-100,-100,-100,-100,-100,-90,-100,-100,-100,-100,-100,-100,-100,-83,-100,-100,-100,-100,-100,-100,-100,-100,-100,-100,-100,-100,-100,-100,-100,-100,-100,-100,-100,-100,-100,-100,-100,-100,7
1,19,42,-100,-100,-100,-100,-100,-100,-100,-100,-100,-100,-100,-100,-84,-100,-100,-100,-100,-100,-100,-100,-100,-100,-83,-100,-100,-79,-100,-100,-82,-100,-74,-100,-100,-100,-100,-100,-100,-100,-75,-100,-100,-100,-66,-100,-100,-100,-100,-100,-100,-100,-84,-85,-100,-100,-100,-83,-79,-82,-79,-87,-100,-100,-100,-100,-88,-89,-64,-66,-89,-82,-100,-100,-88,-100,-82,-100,-75,-100,-100,-76,-78,-81,-100,-100,-77,-78,-100,-100,-100,-100,-100,-100,-100,-100,-100,-100,-76,-100,-100,-100,-90,-100,-100,-100,-100,-100,-100,-100,-89,-100,-81,-81,-100,-100,-100,-100,-89,-90,-100,-75,-100,-100,-75,-100,-100,-100,-82,-80,-100,-100,-100,-78,-88,-100,-80,-100,-100,-82,-100,-100,-100,-100,-100,-100,-100,-100,-91,-100,-100,-100,-100,-100,-65,-84,-100,-100,-100,-90,-100,-100,-100,-100,-100,-100,-100,-81,-83,-100,-100,-100,-100,-100,-100,-100,-100,-90,-100,-100,-75,-100,-100,-82,-82,-83,-72,-100,-86,-100,-100,-83,-88,-91,-100,-100,-84,-100,-88,-72,-100,-100,-86,-100,-80,-81,-100,-100,-70,-100,-100,-79,-82,-100,-100,-100,-100,-100,-100,-100,-100,-100,-100,-100,-100,-87,-100,-100,-100,-100,-100,-91,-100,-100,-79,-100,-100,-100,-100,-100,-100,-100,-100,-74,-100,-79,-100,-100,-100,-100,-100,-100,-100,-100,-93,-74,-100,-100,-100,-74,-74,-75,-100,-100,-85,-100,-100,-100,-100,-100,-100,-100,-90,-100,-100,-86,-100,-90,-85,-100,-100,-100,-100,-100,-100,-100,7
1,51,-88,-100,-100,-100,-100,-100,-100,-100,-100,-100,-100,-100,-100,-84,-100,-100,-100,-100,-100,-100,-100,-100,-100,-83,-100,-100,-79,-100,-100,-82,-100,-74,-100,-100,-100,-100,-100,-100,-100,-75,-100,-100,-100,-66,-100,-100,-100,-100,-100,-100,-100,-84,-85,-100,-100,-100,-83,-79,-82,-79,-87,-100,-100,-100,-100,-88,-89,-64,-66,-89,-82,-100,-100,-88,-100,-82,-100,-75,-100,-100,-76,-78,-81,-100,-100,-77,-78,-100,-100,-100,-100,-100,-100,-100,-100,-100,-100,-76,-100,-100,-100,-90,-100,-100,-100,-100,-100,-100,-100,-89,-100,-81,-81,-100,-100,-100,-100,-89,-90,-100,-75,-100,-100,-75,-100,-100,-100,-82,-80,-100,-100,-100,-78,-88,-100,-80,-100,-100,-82,-100,-100,-100,-100,-100,-100,-100,-100,-91,-100,-100,-100,-100,-100,-65,-84,-100,-100,-100,-90,-100,-100,-100,-100,-100,-100,-100,-81,-83,-100,-100,-100,-100,-100,-100,-100,-100,-90,-100,-100,-75,-100,-100,-82,-82,-83,-72,-100,-86,-100,-100,-83,-88,-91,-100,-100,-84,-100,-88,-72,-100,-100,-86,-100,-80,-81,-100,-100,-70,-100,-100,-79,-82,-100,-100,-100,-100,-100,-100,-100,-100,-100,-100,-100,-100,-87,-100,-100,-100,-100,-100,-91,-100,-100,-79,-100,-100,-100,-100,-100,-100,-100,-100,-74,-100,-79,-100,-100,-100,-100,-100,-100,-100,-100,-93,-74,-100,-100,-100,-74,-74,-75,-100,-100,-85,-100,-100,-100,-100,-100,-100,-100,-90,-100,-100,-86,-100,-90,-85,-100,-100,-100,-100,-100,-100,-100,10